age_sex,poverty,mean_income,population,unemployment,occupancy
Estimate!!Total!!Total population!!SUMMARY INDICATORS!!Median age (years),Estimate!!Total:!!Income in the past 12 months below poverty level:,Estimate!!Percent Distribution!!HOUSEHOLD INCOME!!All households!!With cash public assistance income or Food Stamps/SNAP,Estimate!!SEX AND AGE!!Total population,Estimate!!Labor Force Participation Rate!!Population 16 years and over,Estimate!!Percent occupied housing units!!Occupied housing units!!OCCUPANTS PER ROOM!!1.01 to 1.50 occupants per room
Estimate!!Total!!Total population!!SUMMARY INDICATORS!!Sex ratio (males per 100 females),,Estimate!!Percent Distribution!!FAMILY INCOME BY NUMBER OF WORKERS IN FAMILY!!All families!!No workers,Estimate!!SEX AND AGE!!Total population!!Sex ratio (males per 100 females),Estimate!!Employment/Population Ratio!!Population 16 years and over,Estimate!!Percent occupied housing units!!Occupied housing units!!HOUSEHOLD TYPE (INCLUDING LIVING ALONE) AND AGE OF HOUSEHOLDER!!Family households
Estimate!!Total!!Total population!!SUMMARY INDICATORS!!Age dependency ratio,,Estimate!!Percent Distribution!!PER CAPITA INCOME BY RACE AND HISPANIC OR LATINO ORIGIN!!Total population!!One race--!!White,,Estimate!!Employment/Population Ratio!!Population 20 to 64 years!!POVERTY STATUS IN THE PAST 12 MONTHS!!Below poverty level,"Estimate!!Percent occupied housing units!!Occupied housing units!!HOUSEHOLD TYPE (INCLUDING LIVING ALONE) AND AGE OF HOUSEHOLDER!!Family households!!Other family!!Female householder, no spouse present"
Estimate!!Total!!Total population!!SUMMARY INDICATORS!!Old-age dependency ratio,,Estimate!!Percent Distribution!!PER CAPITA INCOME BY RACE AND HISPANIC OR LATINO ORIGIN!!Total population!!One race--!!Black or African American,,Estimate!!Unemployment rate!!Population 16 years and over,"Estimate!!Percent occupied housing units!!Occupied housing units!!HOUSEHOLD TYPE (INCLUDING LIVING ALONE) AND AGE OF HOUSEHOLDER!!Family households!!Other family!!Female householder, no spouse present!!Householder 15 to 34 years"
Estimate!!Total!!Total population!!SUMMARY INDICATORS!!Child dependency ratio,,Estimate!!Mean income (dollars)!!HOUSEHOLD INCOME!!All households,,,Estimate!!Percent occupied housing units!!Occupied housing units!!HOUSEHOLD TYPE (INCLUDING LIVING ALONE) AND AGE OF HOUSEHOLDER!!Nonfamily households
Estimate!!Percent!!Total population!!AGE!!Under 5 years,,,,,Estimate!!Percent occupied housing units!!Occupied housing units!!HOUSEHOLD TYPE (INCLUDING LIVING ALONE) AND AGE OF HOUSEHOLDER!!Nonfamily households!!Householder living alone
Estimate!!Percent!!Total population!!AGE!!5 to 9 years,,,,,Estimate!!Percent occupied housing units!!Occupied housing units!!FAMILY TYPE AND PRESENCE OF OWN CHILDREN!!With related children of householder under 18 years
Estimate!!Percent!!Total population!!AGE!!15 to 19 years,,,,,Estimate!!Percent occupied housing units!!Occupied housing units!!FAMILY TYPE AND PRESENCE OF OWN CHILDREN!!With related children of householder under 18 years!!With own children of householder under 18 years
Estimate!!Percent!!Total population!!AGE!!15 to 19 years,,,,,Estimate!!Occupied housing units!!Occupied housing units
Estimate!!Percent!!Total population!!AGE!!20 to 24 years,,,,,
Estimate!!Percent!!Total population!!AGE!!25 to 29 years,,,,,
Estimate!!Percent!!Total population!!AGE!!30 to 34 years,,,,,
Estimate!!Percent!!Total population!!AGE!!35 to 39 years,,,,,
Estimate!!Percent!!Total population!!AGE!!40 to 44 years,,,,,
Estimate!!Percent!!Total population!!AGE!!45 to 49 years,,,,,
Estimate!!Percent!!Total population!!AGE!!50 to 54 years,,,,,
Estimate!!Percent!!Total population!!AGE!!55 to 59 years,,,,,
Estimate!!Percent!!Total population!!AGE!!60 to 64 years,,,,,
Estimate!!Percent!!Total population!!AGE!!65 to 69 years,,,,,
Estimate!!Percent!!Total population!!AGE!!70 to 74 years,,,,,
Estimate!!Percent!!Total population!!AGE!!75 to 79 years,,,,,
Estimate!!Percent!!Total population!!AGE!!80 to 84 years,,,,,
Estimate!!Percent!!Total population!!AGE!!85 years and over,,,,,