,Estimate!!Percent occupied housing units!!Occupied housing units!!OCCUPANTS PER ROOM!!1.01 to 1.50 occupants per room,Estimate!!Percent occupied housing units!!Occupied housing units!!HOUSEHOLD TYPE (INCLUDING LIVING ALONE) AND AGE OF HOUSEHOLDER!!Family households,"Estimate!!Percent occupied housing units!!Occupied housing units!!HOUSEHOLD TYPE (INCLUDING LIVING ALONE) AND AGE OF HOUSEHOLDER!!Family households!!Other family!!Female householder, no spouse present","Estimate!!Percent occupied housing units!!Occupied housing units!!HOUSEHOLD TYPE (INCLUDING LIVING ALONE) AND AGE OF HOUSEHOLDER!!Family households!!Other family!!Female householder, no spouse present!!Householder 15 to 34 years",Estimate!!Percent occupied housing units!!Occupied housing units!!HOUSEHOLD TYPE (INCLUDING LIVING ALONE) AND AGE OF HOUSEHOLDER!!Nonfamily households,Estimate!!Percent occupied housing units!!Occupied housing units!!HOUSEHOLD TYPE (INCLUDING LIVING ALONE) AND AGE OF HOUSEHOLDER!!Nonfamily households!!Householder living alone,Estimate!!Percent occupied housing units!!Occupied housing units!!FAMILY TYPE AND PRESENCE OF OWN CHILDREN!!With related children of householder under 18 years,Estimate!!Percent occupied housing units!!Occupied housing units!!FAMILY TYPE AND PRESENCE OF OWN CHILDREN!!With related children of householder under 18 years!!With own children of householder under 18 years,Estimate!!Occupied housing units!!Occupied housing units
0,0.0,25.7,4.9,0.6,74.3,37.9,7.0,5.9,1154
1,4.2,31.5,4.4,3.1,68.5,54.5,10.8,10.8,1566
2,0.0,64.0,4.5,0.0,36.0,24.2,25.9,25.9,975
3,0.5,52.9,5.9,0.9,47.1,40.1,21.8,21.8,2397
4,0.0,45.1,14.1,0.0,54.9,40.0,17.4,12.9,891
5,0.0,54.4,19.7,0.0,45.6,38.2,23.2,23.2,930
6,0.0,56.2,18.9,5.2,43.8,34.5,29.4,29.4,1187
7,1.7,46.6,19.8,1.3,53.4,47.1,26.3,22.3,1340
8,4.2,40.4,19.3,4.3,59.6,40.3,20.6,18.8,1359
9,0.0,66.2,37.0,22.6,33.8,27.4,44.0,40.8,1294
10,0.2,23.6,7.8,5.3,76.4,55.9,4.1,3.9,1899
11,0.0,38.4,20.7,5.5,61.6,57.3,22.5,17.2,986
12,0.0,29.9,3.6,0.0,70.1,52.2,11.2,11.2,1178
13,2.0,61.8,7.6,1.3,38.2,31.5,24.9,23.8,542
14,1.5,45.5,30.1,4.1,54.5,50.4,24.1,15.7,651
15,0.0,50.9,8.4,1.1,49.1,39.0,16.0,13.4,1324
16,0.0,19.9,6.2,1.1,80.1,42.9,2.3,2.3,1316
17,2.0,34.5,4.6,0.0,65.5,46.4,11.3,10.7,698
18,1.0,51.0,10.3,2.6,49.0,42.1,19.9,19.9,1998
19,0.0,57.2,17.8,3.7,42.8,35.3,32.5,31.0,865
20,5.6,54.6,7.8,1.2,45.4,33.8,22.0,19.2,1561
21,0.9,48.3,6.6,2.3,51.7,45.8,17.4,16.5,746
22,0.8,47.0,9.1,1.5,53.0,42.6,25.3,20.6,1685
23,0.0,46.5,7.9,0.7,53.5,47.0,10.6,10.0,1334
24,0.0,28.4,2.0,0.9,71.6,57.2,5.1,5.1,2277
25,0.0,21.2,7.2,4.9,78.8,67.3,5.1,4.2,1295
26,1.8,36.6,15.2,7.1,63.4,52.2,18.1,17.6,1523
27,0.0,55.8,35.9,19.7,44.2,28.8,17.9,15.8,563
28,0.0,52.5,15.8,6.1,47.5,39.0,21.3,19.1,1256
29,0.0,37.3,13.6,3.4,62.7,53.2,18.5,18.5,1083
30,1.5,46.0,20.0,6.8,54.0,48.9,17.6,14.2,1941
31,1.9,46.7,9.0,0.0,53.3,51.2,11.0,7.8,1323
32,0.0,46.6,20.9,0.0,53.4,46.9,19.0,16.7,875
33,0.0,29.4,12.4,5.5,70.6,44.6,17.4,15.2,507
34,1.3,7.7,1.8,0.0,92.3,34.0,0.0,0.0,1188
35,1.5,34.5,1.5,0.0,65.5,49.0,12.9,12.2,2287
36,0.7,59.1,3.2,0.0,40.9,29.1,22.6,21.4,1419
37,0.0,0.0,0.0,0.0,100.0,100.0,0.0,0.0,23
38,0.0,45.9,8.6,0.0,54.1,36.0,12.8,12.8,2198
39,0.8,57.3,19.5,3.5,42.7,36.6,19.5,19.5,1526
40,0.0,9.7,0.0,0.0,90.3,69.9,0.0,0.0,206
41,0.0,17.9,3.6,2.6,82.1,69.0,8.0,8.0,1329
42,0.7,38.7,14.1,4.5,61.3,50.7,17.4,16.1,1729
43,0.0,68.4,0.7,0.0,31.6,22.8,33.5,32.7,982
44,0.0,21.8,2.5,1.0,78.2,50.3,5.6,5.6,917
45,0.0,13.1,3.6,0.0,86.9,45.2,5.2,4.1,1792
46,0.0,41.9,5.7,1.2,58.1,46.2,14.5,14.5,2864
47,0.7,57.5,2.7,1.2,42.5,39.9,16.1,15.2,584
48,0.6,45.7,1.7,0.5,54.3,36.7,18.7,18.7,1928
49,0.0,58.8,6.9,2.3,41.2,36.3,21.7,21.7,1857
50,1.1,34.5,10.4,0.0,65.5,35.6,11.7,9.7,1217
51,0.8,15.4,1.3,0.0,84.6,66.2,2.8,2.8,976
